"HITId","HITTypeId","Title","Description","Keywords","Reward","CreationTime","MaxAssignments","RequesterAnnotation","AssignmentDurationInSeconds","AutoApprovalDelayInSeconds","Expiration","NumberOfSimilarHITs","LifetimeInSeconds","AssignmentId","WorkerId","AssignmentStatus","AcceptTime","SubmitTime","AutoApprovalTime","ApprovalTime","RejectionTime","RequesterFeedback","WorkTimeInSeconds","LifetimeApprovalRate","Last30DaysApprovalRate","Last7DaysApprovalRate","Input.example_id_0","Input.model_0","Input.statement_1_0","Input.statement_2_0","Input.nle_1_0","Input.nle_2_0","Input.gt_0","Input.gt_nle_0","Input.example_id_1","Input.model_1","Input.statement_1_1","Input.statement_2_1","Input.nle_1_1","Input.nle_2_1","Input.gt_1","Input.gt_nle_1","Input.example_id_2","Input.model_2","Input.statement_1_2","Input.statement_2_2","Input.nle_1_2","Input.nle_2_2","Input.gt_2","Input.gt_nle_2","Input.example_id_3","Input.model_3","Input.statement_1_3","Input.statement_2_3","Input.nle_1_3","Input.nle_2_3","Input.gt_3","Input.gt_nle_3","Input.example_id_4","Input.model_4","Input.statement_1_4","Input.statement_2_4","Input.nle_1_4","Input.nle_2_4","Input.gt_4","Input.gt_nle_4","Input.example_id_5","Input.model_5","Input.statement_1_5","Input.statement_2_5","Input.nle_1_5","Input.nle_2_5","Input.gt_5","Input.gt_nle_5","Input.example_id_6","Input.model_6","Input.statement_1_6","Input.statement_2_6","Input.nle_1_6","Input.nle_2_6","Input.gt_6","Input.gt_nle_6","Input.example_id_7","Input.model_7","Input.statement_1_7","Input.statement_2_7","Input.nle_1_7","Input.nle_2_7","Input.gt_7","Input.gt_nle_7","Input.example_id_8","Input.model_8","Input.statement_1_8","Input.statement_2_8","Input.nle_1_8","Input.nle_2_8","Input.gt_8","Input.gt_nle_8","Input.example_id_9","Input.model_9","Input.statement_1_9","Input.statement_2_9","Input.nle_1_9","Input.nle_2_9","Input.gt_9","Input.gt_nle_9","Answer.c0","Answer.c1","Answer.c2","Answer.c3","Answer.c4","Answer.c5","Answer.c6","Answer.c7","Answer.c8","Answer.commentbox","Answer.e1_0","Answer.e1_1","Answer.e1_2","Answer.e1_3","Answer.e1_4","Answer.e1_5","Answer.e1_6","Answer.e1_7","Answer.e1_8","Answer.e1_9","Answer.e2_0","Answer.e2_1","Answer.e2_2","Answer.e2_3","Answer.e2_4","Answer.e2_5","Answer.e2_6","Answer.e2_7","Answer.e2_8","Answer.e2_9","Answer.f1_0","Answer.f1_1","Answer.f1_2","Answer.f1_3","Answer.f1_4","Answer.f1_5","Answer.f1_6","Answer.f1_7","Answer.f1_8","Answer.f1_9","Answer.f2_0","Answer.f2_1","Answer.f2_2","Answer.f2_3","Answer.f2_4","Answer.f2_5","Answer.f2_6","Answer.f2_7","Answer.f2_8","Answer.f2_9","Approve","Reject"
"3AJA9FLWSEBRDKDAHFZN4M7WVIWFIS","34LHDG0NEWQ51Y8H53CPF3UK0BVASW","Evaluating Explanations of Statements","Find the statement that does not make sense. Evaluate given textual explanations of this task.","commonsense, text-based, explanations","$1.00","Sun Dec 05 07:29:42 PST 2021","1","BatchId:4623803;OriginalHitTemplateId:928390828;","3600","259200","Sun Dec 12 07:29:42 PST 2021","","","3E337GFOLCLSS4IQFHNYGZYDIXQNGX","AHXHM1PQTRWIQ","Submitted","Sun Dec 05 10:27:49 PST 2021","Sun Dec 05 10:36:57 PST 2021","Wed Dec 08 10:36:57 PST 2021","","","","548","100% (1/1)","0% (0/0)","0% (0/0)","80","saved_models/ESNLIftComVE/23","The store is for learning","The school is for learning","The store is for shopping","a store is not the same as 2 explanation:","0","0","77","saved_models/T5_Large_ESNLIftComVEft50NLEs/35","You can dance in your own room","You can dance anywhere.","You can't dance in your own room.","It is imppropriate to dance in some places, like the library","1","1","79","saved_models/T5_Large_ESNLIftComVEft50NLEs/35","Dogs and cats can live together","Dogs eat cats","Dogs and cats can't live together","Dogs never eat cats","1","1","33","saved_models/T5_Large_ESNLIftComVEft50NLEs/35","Children should be obedient to their parents.","Children should eat their parents.","Children cannot be obedient to their parents","Eating another person is cannibalism.","1","1","76","saved_models/ESNLIftComVEft100NLEs/9","""when she said """"go to the store"" she meant the plane had arrived.""","When he said go down the stairs"" he meant the stairs on the right.""","Going to the store has no relation to the arrival of a plane.","Go down the stairs is not the same as going to the store","0","0","31","saved_models/T5_Large_ESNLIftComVEft50NLEs/35","They write their exam by a water bottle.","They write their exam by pen","No one uses the water bottle to write the exams at the exam hall","Water bottles can't write exams","0","0","49","saved_models/ESNLIftComVE/23","The cow had a significant amount of rust","The car had a significant amount of rust","Only certain metals can rust","A car and a cow are two different types of vehicles.","0","0","39","saved_models/ESNLIftComVEft200NLEs/9","My mother switch on the television to watch movie","My mother switch on the radio to watch movie","A radio is not a television.","A radio has no screen to display a movie","1","1","80","saved_models/ESNLIftComVEft100NLEs/9","The store is for learning","The school is for learning","The store is for shopping","The store is not for learning","0","0","54","saved_models/ESNLIftComVEft200NLEs/9","He put apple into the fridge.","He put stone into the fridge.","No one put stone into the fridge.","Stone is too hard to put into a fridge.","1","0","0","1","1","1","0","0","0","1","0","{}","yes","no","no","no","yes","yes","yes","yes","yes","yes","no","yes","w_yes","yes","no","no","no","yes","yes","no","4","0","0","0","4","4","4","4","4","4","2","4","4","4","0","0","0","4","4","1"
"3UOMW19E6FJ8YKYLJTQS77IOTJY5CX","34LHDG0NEWQ51Y8H53CPF3UK0BVASW","Evaluating Explanations of Statements","Find the statement that does not make sense. Evaluate given textual explanations of this task.","commonsense, text-based, explanations","$1.00","Sun Dec 05 07:29:42 PST 2021","1","BatchId:4623803;OriginalHitTemplateId:928390828;","3600","259200","Sun Dec 12 07:29:42 PST 2021","","","31Q0U3WYDSS6L400HRL6DF8HGUW17W","AI3DAI65C3XPQ","Submitted","Sun Dec 05 10:28:32 PST 2021","Sun Dec 05 11:17:55 PST 2021","Wed Dec 08 11:17:55 PST 2021","","","","2963","0% (0/0)","0% (0/0)","0% (0/0)","74","saved_models/T5_Large_ESNLIftComVEft50NLEs/35","Winter comes in the same time each year","Winter comes in different time each year","Each year the climate changes and winter comes in different time","Winter does not come in the same time each year","0","0","79","saved_models/ESNLIftComVEft200NLEs/9","Dogs and cats can live together","Dogs eat cats","Dogs cannot eat cats.","Dogs never eat cats","1","1","67","saved_models/T5_Large_ESNLIftComVEft50NLEs/35","Plants don't need the sunlight to grow.","Plants need sunlight to grow.","Plants can't grow without sunlight.","Plants need to undergo photosynthesis with sunlight to produce energy to grow.","0","1","92","saved_models/ESNLIftComVEft100NLEs/9","The sun comes from sunlight","Sunlight comes from the sun","The sun produces the sunlight","Sunlight can't come from the sun","0","0","71","saved_models/ESNLIftComVEft200NLEs/9","Skyscrapers can cause rips in the sky.","Skyscrapers are very tall buildings.","Buildings have no physical contact with the sky.","Skyscrapers can't cause rips in the sky.","0","0","98","saved_models/ESNLIftComVEft100NLEs/9","Reading is very important","Jumping is very important.","Someone who is not skilled in jumping can also do things well","Jumping is not reading.","1","0","1","saved_models/T5_Large_ESNLIftComVEft50NLEs/35","She was met with an accident and was rushed to the hospital","She was met with an accident and was rushed to the library","A library is full of books without doctors and nurses","A library is not a hospital.","1","0","54","saved_models/T5_Large_ESNLIftComVEft50NLEs/35","He put apple into the fridge.","He put stone into the fridge.","No one put stone into the fridge.","An apple is not a stone.","1","0","92","saved_models/ESNLIftComVE/23","The sun comes from sunlight","Sunlight comes from the sun","The sun produces the sunlight","It can't be inferred that the sun is coming from the sun just because it's 1 explanation:","0","0","42","saved_models/ESNLIftComVEft200NLEs/9","I need to heat up some water using the microwave","I need to heat up some water using the refrigerator","Refrigerators have low temperatures","Refrigerators do not heat up water.","1","0","0","1","0","0","0","1","1","1","0","{}","yes","yes","yes","yes","yes","no","yes","yes","yes","yes","yes","w_yes","yes","no","yes","no","yes","yes","no","yes","4","4","4","4","4","2","4","4","4","4","4","4","4","0","4","2","4","4","2","4"
"3J94SKDEKK2I3C4ZJPL3RD06EJA5DX","34LHDG0NEWQ51Y8H53CPF3UK0BVASW","Evaluating Explanations of Statements","Find the statement that does not make sense. Evaluate given textual explanations of this task.","commonsense, text-based, explanations","$1.00","Sun Dec 05 07:29:42 PST 2021","1","BatchId:4623803;OriginalHitTemplateId:928390828;","3600","259200","Sun Dec 12 07:29:42 PST 2021","","","3R8YZBNQ9KVU28KH26BLEGGPO547QB","A32Q6TNSAG4U3I","Submitted","Sun Dec 05 08:30:29 PST 2021","Sun Dec 05 08:56:16 PST 2021","Wed Dec 08 08:56:16 PST 2021","","","","1547","0% (0/0)","0% (0/0)","0% (0/0)","68","saved_models/ESNLIftComVEft100NLEs/9","You are likely to find a crocodile in the wild.","You are likely to find chocolate in the wild.","A crocodile is not found in the wild.","Chocolate is a kind of food made by a human so it doesn't exist in the wild","1","1","95","saved_models/ESNLIftComVEft200NLEs/9","I close my eyes to drive safely","I drive my car safely by following traffic rules","You cant be safe when you close your eyes while driving","Close my eyes can't drive.","0","0","6","saved_models/ESNLIftComVE/23","The bike overtake the car","The red car went by very fast","Also, the red car went very fast because the bike overtake the car.","The car is faster than the bike","0","1","12","saved_models/ESNLIftComVEft25NLEs/17","A rainbow is a meteorological phenomenon","A rainbow can appear on the ground","A rainbow is a meteorological phenomenon.","A rainbow occurs in the sky","1","1","87","saved_models/ESNLIftComVEft200NLEs/9","You die twice.","You only die once","People can only die once and could not rebirth","You cannot die twice.","0","0","1","saved_models/ESNLIftComVEft25NLEs/17","She was met with an accident and was rushed to the hospital","She was met with an accident and was rushed to the library","A library is full of books without doctors and nurses","A library is not a hospital.","1","0","63","saved_models/ESNLIftComVE/23","Joe asked mary to have a date because he likes her","Joe asked mary to have a date because he dislikes her","he doesn't likes her if he dislikes her","People will only ask people they like out for a date","1","1","98","saved_models/ESNLIftComVEft25NLEs/17","Reading is very important","Jumping is very important.","Someone who is not skilled in jumping can also do things well","Jumping is not reading.","1","0","67","saved_models/ESNLIftComVE/23","Plants don't need the sunlight to grow.","Plants need sunlight to grow.","Sentence 2 explanation:","Plants need to undergo photosynthesis with sunlight to produce energy to grow.","0","1","40","saved_models/ESNLIftComVEft200NLEs/9","Shields can't protect ancient warriors from harm","Shields can protect ancient warriors from harm","Shields can't protect ancient warriors from harm","Shields are designed to protect the users from harm","0","1","1","0","1","1","0","1","1","1","0","{}","no","yes","no","yes","yes","yes","yes","yes","yes","no","yes","yes","yes","yes","yes","yes","yes","yes","yes","yes","1","4","1","4","4","4","4","4","4","1","4","4","4","4","4","4","4","4","4","4"
"30Z7M1Q8U0X3SNKPXD14DW2RV6E8A0","34LHDG0NEWQ51Y8H53CPF3UK0BVASW","Evaluating Explanations of Statements","Find the statement that does not make sense. Evaluate given textual explanations of this task.","commonsense, text-based, explanations","$1.00","Sun Dec 05 07:29:42 PST 2021","1","BatchId:4623803;OriginalHitTemplateId:928390828;","3600","259200","Sun Dec 12 07:29:42 PST 2021","","","3TEM0PF1Q8AMVOGSCLKSZ2Z3XDO0DG","A2WQOPD3IYLITQ","Submitted","Sun Dec 05 11:55:47 PST 2021","Sun Dec 05 12:14:34 PST 2021","Wed Dec 08 12:14:34 PST 2021","","","","1127","0% (0/0)","0% (0/0)","0% (0/0)","76","saved_models/T5_Large_ESNLIftComVEft50NLEs/35","""when she said """"go to the store"" she meant the plane had arrived.""","When he said go down the stairs"" he meant the stairs on the right.""","Going to the store has no relation to the arrival of a plane.","You can't go down the stairs","0","0","92","saved_models/ESNLIftComVEft25NLEs/17","The sun comes from sunlight","Sunlight comes from the sun","The sun produces the sunlight","Sunlight and sunlight are different.","0","0","25","saved_models/T5_Large_ESNLIftComVEft50NLEs/35","The bear was found in the forest.","The whale was found in the forest","A whale is not a bear.","Whales are aquatic and don't live in forests.","1","1","4","saved_models/ESNLIftComVEft100NLEs/9","The fire will burn you if you touch it.","The fire will cool you if you touch it.","Fire is hot and will burn you.","If the fire will burn you, it will not cool you.","1","0","37","saved_models/T5_Large_ESNLIftComVEft50NLEs/35","Her mom messed up her daughter's hair.","Her mom braided her hair for school.","Hair can't be braided","Her daughter would be judged for her hairstyle.","0","1","19","saved_models/ESNLIftComVEft200NLEs/9","A briefcase can be used for storing documents","The briefcase is stored in some documents","The briefcase is bigger than the documents","A briefcase can't be used for storing documents.","1","0","25","saved_models/ESNLIftComVEft100NLEs/9","The bear was found in the forest.","The whale was found in the forest","A whale is not a bear.","Whales are aquatic and don't live in forests.","1","1","29","saved_models/ESNLIftComVE/23","Cnn is for sports","Cnn covers the news","Cnn covers the news and espn covers sports.","(Cnnn is for sports)","0","0","9","saved_models/T5_Large_ESNLIftComVEft50NLEs/35","I play catch with a baseball","I play catch with a boat","You can't play catch with a boat","The boat is too large to throw","1","1","96","saved_models/ESNLIftComVEft25NLEs/17","She put a soup on the plate.","She put a stove on the plate.","Soup is not cooked on a stove.","A stove is much larger than a plate.","1","1","0","0","1","1","0","1","1","0","1","{}","yes","yes","w_yes","yes","no","yes","no","yes","yes","no","no","no","yes","yes","no","no","yes","no","yes","yes","4","4","1","4","0","4","1","4","4","0","0","0","4","4","1","0","4","1","4","4"
"3AXFSPQOYSBN8VXGZXKNGNMW8XLFJ4","34LHDG0NEWQ51Y8H53CPF3UK0BVASW","Evaluating Explanations of Statements","Find the statement that does not make sense. Evaluate given textual explanations of this task.","commonsense, text-based, explanations","$1.00","Sun Dec 05 07:29:42 PST 2021","1","BatchId:4623803;OriginalHitTemplateId:928390828;","3600","259200","Sun Dec 12 07:29:42 PST 2021","","","379J5II41RT4KQJEX9HV349C0MBLEC","A1TW60NCALLP12","Submitted","Sun Dec 05 09:33:17 PST 2021","Sun Dec 05 10:26:09 PST 2021","Wed Dec 08 10:26:09 PST 2021","","","","3172","0% (0/0)","0% (0/0)","0% (0/0)","76","saved_models/ESNLIftComVEft25NLEs/17","""when she said """"go to the store"" she meant the plane had arrived.""","When he said go down the stairs"" he meant the stairs on the right.""","Going to the store has no relation to the arrival of a plane.","Go down the stairs is not the same as going to the store","0","0","92","saved_models/T5_Large_ESNLIftComVEft50NLEs/35","The sun comes from sunlight","Sunlight comes from the sun","The sun produces the sunlight","Sunlight can't come from sunlight","0","0","52","saved_models/ESNLIftComVEft25NLEs/17","We drove our car for 40000 miles before having to stop for an oil refill","We drove our car for 40 miles before having to stop for an oil refill","No car in the world can have so long miles of autonomy","A car can not be 40000 miles.","0","0","40","saved_models/ESNLIftComVEft100NLEs/9","Shields can't protect ancient warriors from harm","Shields can protect ancient warriors from harm","Shields can't protect ancient warriors from harm","Shields are designed to protect the users from harm","0","1","91","saved_models/T5_Large_ESNLIftComVEft50NLEs/35","He put on a shirt.","He put on a bike.","The bike is not cloth for people to put on","A shirt is not a bike.","1","0","28","saved_models/T5_Large_ESNLIftComVEft50NLEs/35","My sister eats a pair of scissors","My sister eats an entire watermelon","Scissors aren't edible","scissors is not the same as watermelons","0","0","65","saved_models/ESNLIftComVEft100NLEs/9","Many people drink milk to get nutrients from it.","No one drinks milk because you cannot absorb nutrients from it.","People drink milk to get nutrients from it.","Milk is a common beverage that people drink in order to get calcium and protein.","1","1","8","saved_models/ESNLIftComVEft25NLEs/17","An x-ray can be used to check the condition of a person's bones.","An x-ray can be used to see people without clothes.","An x-ray can be used to check the condition of a person's bones or to see people without clothes.","X-rays use a special infrared light to scan bones.","1","1","47","saved_models/ESNLIftComVEft200NLEs/9","He put the house into the fridge","He put the ice cream inside the fridge","The house is usually bigger than the fridge","Houses are not ice cream.","0","0","95","saved_models/T5_Large_ESNLIftComVEft50NLEs/35","I close my eyes to drive safely","I drive my car safely by following traffic rules","You cant be safe when you close your eyes while driving","Eyes can't be closed","0","0","0","0","0","0","1","0","1","1","0","{}","yes","yes","yes","no","yes","yes","yes","no","yes","yes","yes","yes","yes","yes","yes","yes","yes","yes","yes","yes","4","4","4","1","4","4","4","1","4","4","4","4","4","4","4","4","4","4","4","4"
"3S1L4CQSFZIC72UC5R7ANOJDIARAFJ","34LHDG0NEWQ51Y8H53CPF3UK0BVASW","Evaluating Explanations of Statements","Find the statement that does not make sense. Evaluate given textual explanations of this task.","commonsense, text-based, explanations","$1.00","Sun Dec 05 07:29:42 PST 2021","1","BatchId:4623803;OriginalHitTemplateId:928390828;","3600","259200","Sun Dec 12 07:29:42 PST 2021","","","3DIP6YHAPF595JZV3K8RYZN6GN38E6","A1TW60NCALLP12","Submitted","Sun Dec 05 10:06:08 PST 2021","Sun Dec 05 10:31:56 PST 2021","Wed Dec 08 10:31:56 PST 2021","","","","1548","0% (0/0)","0% (0/0)","0% (0/0)","15","saved_models/T5_Large_ESNLIftComVEft50NLEs/35","All that is born must eventually die.","I will never die.","You can't be alive if you will die","No human lives forever.","1","1","81","saved_models/ESNLIftComVEft100NLEs/9","The lotion is useful for moisturizing your skin","Lotion is useful for moisturizing your tea.","Lotion is a skin product, not a food additive.","Tea is not moisturizing skin","1","0","13","saved_models/ESNLIftComVEft200NLEs/9","They stored food in the fridge in summer","They stored food in the ground in summer","Food cannot be stored in the fridge and ground at the same time.","Food should be stored in low temperature","1","1","40","saved_models/T5_Large_ESNLIftComVEft50NLEs/35","Shields can't protect ancient warriors from harm","Shields can protect ancient warriors from harm","Shields can't protect ancient warriors from harm","Shields are designed to protect the users from harm","0","1","24","saved_models/ESNLIftComVEft100NLEs/9","The ice cream stays cold in the freeze","The ice cream stays cold in the microwave","Ice cream is not kept in the heat","The ice cream can't stay cold in the microwave.","1","0","97","saved_models/ESNLIftComVEft25NLEs/17","He dried himself with a train ticket","He dried himself with a towel","A towel is more absorbent than a train ticket","A train ticket is not used for drying.","0","0","89","saved_models/ESNLIftComVE/23","An anvil is floating in the pond.","A duck is floating in the pond.","An anvil is very heavy and sinks into the water.","An anvil is not the only thing floating in a pond.","0","0","67","saved_models/ESNLIftComVEft100NLEs/9","Plants don't need the sunlight to grow.","Plants need sunlight to grow.","Plants don't need sunlight to grow.","Plants need to undergo photosynthesis with sunlight to produce energy to grow.","0","1","98","saved_models/ESNLIftComVEft200NLEs/9","Reading is very important","Jumping is very important.","Someone who is not skilled in jumping can also do things well","Jumping cannot be done while reading.","1","0","38","saved_models/T5_Large_ESNLIftComVEft50NLEs/35","Some people like to put a scarf around their necks.","Some people like to put a scarf around their ears.","Necks are not ears.","You can't put a scarf around an ear.","1","1","1","1","1","0","1","0","0","0","1","{}","yes","yes","yes","no","yes","yes","yes","no","yes","yes","yes","yes","yes","yes","yes","yes","no","yes","yes","yes","4","4","4","1","4","4","4","1","4","4","4","4","4","4","4","4","1","4","4","4"
"37NXA7GVSVJIZI762X14EO2A0GDVL9","34LHDG0NEWQ51Y8H53CPF3UK0BVASW","Evaluating Explanations of Statements","Find the statement that does not make sense. Evaluate given textual explanations of this task.","commonsense, text-based, explanations","$1.00","Sun Dec 05 07:29:42 PST 2021","1","BatchId:4623803;OriginalHitTemplateId:928390828;","3600","259200","Sun Dec 12 07:29:42 PST 2021","","","3EJJQNKU9UIR7Y5TSUMXAJFOYVIHR6","A2WQOPD3IYLITQ","Submitted","Sun Dec 05 10:06:28 PST 2021","Sun Dec 05 10:50:47 PST 2021","Wed Dec 08 10:50:47 PST 2021","","","","2659","0% (0/0)","0% (0/0)","0% (0/0)","24","saved_models/ESNLIftComVEft200NLEs/9","The ice cream stays cold in the freeze","The ice cream stays cold in the microwave","Ice cream is not kept in the heat","The ice cream can't stay cold in the microwave.","1","0","44","saved_models/T5_Large_ESNLIftComVEft50NLEs/35","It snows in winter","It snows in summer","It snows in summer","It's too hot to snow in summer","1","1","14","saved_models/ESNLIftComVEft200NLEs/9","The boy ate a basketball","The boy ate a donut","A donut is not a basketball.","You cannot eat a basketball","0","1","47","saved_models/ESNLIftComVEft100NLEs/9","He put the house into the fridge","He put the ice cream inside the fridge","The house is usually bigger than the fridge","Houses are not kept in fridges","0","0","17","saved_models/ESNLIftComVEft25NLEs/17","He is wearing gloves on his feet.","He is wearing gloves on his hands.","Gloves are only designed to wear on hands.","He is wearing gloves on his feet","0","0","17","saved_models/ESNLIftComVE/23","He is wearing gloves on his feet.","He is wearing gloves on his hands.","Gloves are only designed to wear on hands.","he cant be wearing gloves on his feet if he is not wearing gloves on his hands","0","0","44","saved_models/ESNLIftComVEft100NLEs/9","It snows in winter","It snows in summer","It does not snow in summer","It's too hot to snow in summer","1","1","62","saved_models/ESNLIftComVEft200NLEs/9","Mathematicians can play football very well","Mathematicians can solve math problems.","Mathematicians cannot play football.","Football players can play football very well","0","1","44","saved_models/ESNLIftComVEft200NLEs/9","It snows in winter","It snows in summer","There is no snow in summer.","It's too hot to snow in summer","1","1","82","saved_models/ESNLIftComVEft200NLEs/9","Broken glasses help you see better.","Glasses help you see better","Broken glasses make it harder to see.","Broken glasses can't help you see better.","0","0","1","1","0","0","0","0","1","0","1","{}","w_yes","no","w_yes","yes","yes","yes","yes","w_no","yes","yes","yes","yes","yes","yes","no","no","yes","yes","yes","yes","1","0","1","4","4","4","4","1","4","4","4","4","4","4","0","0","4","4","4","4"
"3O2Y2UIUCS7IJF3YHIKZH2M9NMLFK3","34LHDG0NEWQ51Y8H53CPF3UK0BVASW","Evaluating Explanations of Statements","Find the statement that does not make sense. Evaluate given textual explanations of this task.","commonsense, text-based, explanations","$1.00","Sun Dec 05 07:29:42 PST 2021","1","BatchId:4623803;OriginalHitTemplateId:928390828;","3600","259200","Sun Dec 12 07:29:42 PST 2021","","","3WI0P0II645AVI0R6Y37JY0Q63JDRN","A2WQOPD3IYLITQ","Submitted","Sun Dec 05 09:22:35 PST 2021","Sun Dec 05 09:45:30 PST 2021","Wed Dec 08 09:45:30 PST 2021","","","","1375","0% (0/0)","0% (0/0)","0% (0/0)","2","saved_models/ESNLIftComVEft25NLEs/17","She came off sailing across the pacific ocean","She came off walking across the pacific ocean","sailing and walking are different actions","It's impossible to walk on the water","1","1","60","saved_models/ESNLIftComVEft25NLEs/17","Fruits and vegetables provide nutrients","Fruits and vegetables provide toxins","Fruits and vegetables provide nutrients instead of toxins","Fruits and vegetables cannot provide nutrients and provide toxins at the same time.","1","0","9","saved_models/ESNLIftComVEft25NLEs/17","I play catch with a baseball","I play catch with a boat","A boat is not a baseball.","The boat is too large to throw","1","1","23","saved_models/T5_Large_ESNLIftComVEft50NLEs/35","Janitors often clean bathrooms for their company","Janitors create financial models for their company","Most janitors do not create financial models for their company","Cleaning bathrooms is not the same as creating financial models","1","0","61","saved_models/ESNLIftComVEft200NLEs/9","A car engine is usually cooler before driving the car.","A car engine is usually cooler after driving the car.","Driving will cause the engine to be hotter rather than cooler","A car engine can't be cooler after driving.","1","0","6","saved_models/T5_Large_ESNLIftComVEft50NLEs/35","The bike overtake the car","The red car went by very fast","A bike cannot overtake a car","The car is faster than the bike","0","1","74","saved_models/ESNLIftComVEft200NLEs/9","Winter comes in the same time each year","Winter comes in different time each year","Each year the climate changes and winter comes in different time","Winter does not come in the same time each year.","0","0","37","saved_models/ESNLIftComVEft100NLEs/9","Her mom messed up her daughter's hair.","Her mom braided her hair for school.","Hair is not braided","Her daughter would be judged for her hairstyle.","0","1","71","saved_models/T5_Large_ESNLIftComVEft50NLEs/35","Skyscrapers can cause rips in the sky.","Skyscrapers are very tall buildings.","Buildings have no physical contact with the sky.","Skyscrapers are too tall to cause rips","0","0","22","saved_models/T5_Large_ESNLIftComVEft50NLEs/35","I just invest 1 million in mutual funds.","I just deposited ten tigers in the banks and will get doubled in six years.","You can't invest in mutual funds and get doubled in six years.","We can deposit only money and gold in the bank.","1","1","1","1","1","1","1","0","0","0","0","{}","w_yes","yes","w_no","yes","yes","w_yes","yes","no","yes","no","yes","no","yes","w_no","yes","yes","yes","no","no","yes","1","4","1","4","4","4","4","1","4","1","4","1","4","1","4","4","4","1","1","4"
"30UZJB2POJPKLK22Q0FRE4EUN6L35X","34LHDG0NEWQ51Y8H53CPF3UK0BVASW","Evaluating Explanations of Statements","Find the statement that does not make sense. Evaluate given textual explanations of this task.","commonsense, text-based, explanations","$1.00","Sun Dec 05 07:29:43 PST 2021","1","BatchId:4623803;OriginalHitTemplateId:928390828;","3600","259200","Sun Dec 12 07:29:43 PST 2021","","","3FPRZHYEP1K46XFBMT257M3H0WB3VC","A2WQOPD3IYLITQ","Submitted","Sun Dec 05 09:46:46 PST 2021","Sun Dec 05 10:41:19 PST 2021","Wed Dec 08 10:41:19 PST 2021","","","","3273","0% (0/0)","0% (0/0)","0% (0/0)","30","saved_models/ESNLIftComVEft25NLEs/17","Alcoholic drinks are served in bowls.","Alcoholic drinks are often served at parties","Bowls are not served at parties.","Alcoholic drinks are served in red cups","0","1","80","saved_models/T5_Large_ESNLIftComVEft50NLEs/35","The store is for learning","The school is for learning","The store is for shopping","The store is not for learning","0","0","84","saved_models/ESNLIftComVEft200NLEs/9","Planes float on water.","Boats float on water.","Planes do not float.","Planes fly in the sky, and boats float on water","0","1","5","saved_models/ESNLIftComVEft100NLEs/9","Salsa is for hair","Brushes are for hair","Salsa is not for hair","Salsa is a food item","0","1","71","saved_models/ESNLIftComVEft100NLEs/9","Skyscrapers can cause rips in the sky.","Skyscrapers are very tall buildings.","Buildings have no physical contact with the sky.","Skyscrapers are tall buildings","0","0","2","saved_models/ESNLIftComVE/23","She came off sailing across the pacific ocean","She came off walking across the pacific ocean","She came off sailing across the pacific ocean Sentence 1 explanation:","It's impossible to walk on the water","1","1","42","saved_models/ESNLIftComVEft100NLEs/9","I need to heat up some water using the microwave","I need to heat up some water using the refrigerator","Refrigerators have low temperatures","Refrigerators do not heat up water.","1","0","95","saved_models/ESNLIftComVEft25NLEs/17","I close my eyes to drive safely","I drive my car safely by following traffic rules","You cant be safe when you close your eyes while driving","A person can't close their eyes and drive at the same time.","0","0","70","saved_models/ESNLIftComVEft200NLEs/9","When you close a door,  it can be walked through.","When you open a door,  it usually has hinges to keep it from falling off.","A closed-door physically prevents entry or passage.","A door can't be walked through if it has hinges.","0","0","71","saved_models/ESNLIftComVEft25NLEs/17","Skyscrapers can cause rips in the sky.","Skyscrapers are very tall buildings.","Buildings have no physical contact with the sky.","Skyscrapers are tall buildings","0","0","0","0","0","0","0","1","1","0","0","{}","no","yes","yes","yes","yes","no","w_yes","yes","yes","yes","yes","yes","yes","yes","no","yes","yes","w_yes","w_yes","no","1","4","4","4","4","2","1","4","4","4","4","4","4","4","1","4","4","1","1","1"
"3TL87MO8CO2T3LLG2IW0W2ZOCMQFL6","34LHDG0NEWQ51Y8H53CPF3UK0BVASW","Evaluating Explanations of Statements","Find the statement that does not make sense. Evaluate given textual explanations of this task.","commonsense, text-based, explanations","$1.00","Sun Dec 05 07:29:43 PST 2021","1","BatchId:4623803;OriginalHitTemplateId:928390828;","3600","259200","Sun Dec 12 07:29:43 PST 2021","","","317HQ483IA56OVOL55N11BBTXAIINK","A1TW60NCALLP12","Submitted","Sun Dec 05 07:53:30 PST 2021","Sun Dec 05 08:36:21 PST 2021","Wed Dec 08 08:36:21 PST 2021","","","","2571","0% (0/0)","0% (0/0)","0% (0/0)","69","saved_models/ESNLIftComVE/23","He put a horse in the cage","He put a bird in the cage","he put a bird in the cage","A horse is much bigger than a cage","0","1","54","saved_models/ESNLIftComVEft100NLEs/9","He put apple into the fridge.","He put stone into the fridge.","No one put stone into the fridge.","stone and fridge are different things","1","0","26","saved_models/ESNLIftComVEft200NLEs/9","Kim is taking out the garbage.","Kim is dating the garbage.","The garbage can't be taken out.","People don't have relationships with garbage.","1","1","90","saved_models/T5_Large_ESNLIftComVEft50NLEs/35","An apple took a bite out of him.","He took a bite of an apple.","An apple can not eat people","An apple can't bite a person","0","0","99","saved_models/ESNLIftComVEft200NLEs/9","The whale swam in the sky","The whale swam in the ocean","The whale swam in the sky.","Whales do not swim in the sky","0","1","7","saved_models/T5_Large_ESNLIftComVEft50NLEs/35","The car can go the speed of light","The car can go the speed of 200mph","Nothing can run as fast as the light","A car can't go the speed of light","0","0","6","saved_models/ESNLIftComVEft100NLEs/9","The bike overtake the car","The red car went by very fast","A bike cannot overtake a car.","The car is faster than the bike","0","1","44","saved_models/ESNLIftComVEft25NLEs/17","It snows in winter","It snows in summer","Summer is not winter.","It's too hot to snow in summer","1","1","16","saved_models/ESNLIftComVEft25NLEs/17","We don't communicate with each other at all","We communicate with each other by words and gestures","Communication s a vital aspect of life on earth","We don't communicate with each other by words and gestures","0","0","86","saved_models/T5_Large_ESNLIftComVEft50NLEs/35","She put a mouse in a cage.","She put water in a cage","Water will flow through the cage","Water is not a mouse.","1","0","0","1","1","0","0","0","1","1","0","{}","yes","yes","no","yes","no","yes","yes","yes","yes","yes","yes","yes","yes","yes","yes","yes","yes","yes","no","yes","4","4","1","4","0","4","4","4","4","4","4","4","4","4","4","4","4","4","2","4"
"3CO05SML7XID9F134KABF7LJCCQ0RD","34LHDG0NEWQ51Y8H53CPF3UK0BVASW","Evaluating Explanations of Statements","Find the statement that does not make sense. Evaluate given textual explanations of this task.","commonsense, text-based, explanations","$1.00","Sun Dec 05 07:29:43 PST 2021","1","BatchId:4623803;OriginalHitTemplateId:928390828;","3600","259200","Sun Dec 12 07:29:43 PST 2021","","","3J88R45B2JB3HBPTK60U8A33L2UPXU","AQNCH42WD4ITI","Submitted","Sun Dec 05 09:14:00 PST 2021","Sun Dec 05 09:26:55 PST 2021","Wed Dec 08 09:26:55 PST 2021","","","","775","100% (3/3)","100% (1/1)","100% (1/1)","38","saved_models/ESNLIftComVEft25NLEs/17","Some people like to put a scarf around their necks.","Some people like to put a scarf around their ears.","People do not wear a scarf around their ears","You can't put a scarf around an ear.","1","1","99","saved_models/ESNLIftComVEft25NLEs/17","The whale swam in the sky","The whale swam in the ocean","The whale swam in the ocean is a rephrasing of whale swam in the sky","Whales do not swim in the sky","0","1","62","saved_models/T5_Large_ESNLIftComVEft50NLEs/35","Mathematicians can play football very well","Mathematicians can solve math problems.","Mathematicians can't play football","Football players can play football very well","0","1","19","saved_models/ESNLIftComVEft100NLEs/9","A briefcase can be used for storing documents","The briefcase is stored in some documents","The briefcase is bigger than the documents","A briefcase can't be used for storing documents.","1","0","33","saved_models/ESNLIftComVEft100NLEs/9","Children should be obedient to their parents.","Children should eat their parents.","Children do not eat their parents.","Eating another person is cannibalism.","1","1","35","saved_models/ESNLIftComVE/23","The boy wore his new shoes on his feet.","The boy wore his new shoes on his back.","A boy can wear new shoes on his feet without them being on his back.","No one wears shoes on their backs.","1","1","32","saved_models/ESNLIftComVE/23","He gave his dresses to wash in the laundry room","He gave his dresses to wash in the study room","No one is to wash our dresses in the study room, it used to study.","he gave his dresses to wash in the laundry room Sentence 1 explanation:","1","0","83","saved_models/T5_Large_ESNLIftComVEft50NLEs/35","I am saying hello","I am throwing hello","Saying hello is different from throwing hello","Hello is a word that you can express by speaking","1","1","74","saved_models/ESNLIftComVEft25NLEs/17","Winter comes in the same time each year","Winter comes in different time each year","Each year the climate changes and winter comes in different time","It is not possible to come in the same time and different time at the same time.","0","0","93","saved_models/T5_Large_ESNLIftComVEft50NLEs/35","Sally taught her students burglary","Sally taught her students english","burglary is not the same as english","Burglary is illegal","0","1","1","0","0","1","1","1","1","1","0","{}","w_yes","no","w_no","yes","w_yes","no","yes","w_no","yes","no","w_yes","yes","no","w_yes","yes","w_yes","no","yes","no","yes","1","0","1","4","1","2","4","1|3","4","1|2|3","1","4","1|2","1","4","1","2","4","2","4"
"3B9J25CZ27Q94MWWVP300ISG736CS6","34LHDG0NEWQ51Y8H53CPF3UK0BVASW","Evaluating Explanations of Statements","Find the statement that does not make sense. Evaluate given textual explanations of this task.","commonsense, text-based, explanations","$1.00","Sun Dec 05 07:29:43 PST 2021","1","BatchId:4623803;OriginalHitTemplateId:928390828;","3600","259200","Sun Dec 12 07:29:43 PST 2021","","","3Q8GYXHFESFBL3WF9VVTWRDCTLSC5I","A1TW60NCALLP12","Submitted","Sun Dec 05 10:31:02 PST 2021","Sun Dec 05 11:12:23 PST 2021","Wed Dec 08 11:12:23 PST 2021","","","","2481","0% (0/0)","0% (0/0)","0% (0/0)","55","saved_models/ESNLIftComVE/23","Ripping a paper in half creates two pieces.","Ripping a paper in half creates six pieces.","Creating two pieces does not imply that there are six pieces.","Half means two relatively equal parts.","1","1","51","saved_models/ESNLIftComVEft200NLEs/9","The amazon rainforest contains many undiscovered species","The amazon rainforest does not have any animals on it","Amazon rainforests do not have animals.","The amazon rainforest has an abundance of unique animal species on it","1","1","32","saved_models/ESNLIftComVEft25NLEs/17","He gave his dresses to wash in the laundry room","He gave his dresses to wash in the study room","No one is to wash our dresses in the study room, it used to study.","A study room is not a laundry room.","1","0","60","saved_models/ESNLIftComVEft200NLEs/9","Fruits and vegetables provide nutrients","Fruits and vegetables provide toxins","Fruits and vegetables provide nutrients instead of toxins","Fruits and vegetables do not contain toxins.","1","0","70","saved_models/ESNLIftComVE/23","When you close a door,  it can be walked through.","When you open a door,  it usually has hinges to keep it from falling off.","A closed-door physically prevents entry or passage.","a door doesn't have to be opened when it can be walked through","0","0","14","saved_models/ESNLIftComVE/23","The boy ate a basketball","The boy ate a donut","A donut is not the same thing as a basketball.","You cannot eat a basketball","0","1","16","saved_models/T5_Large_ESNLIftComVEft50NLEs/35","We don't communicate with each other at all","We communicate with each other by words and gestures","Communication s a vital aspect of life on earth","People can't communicate with each other if they don't communicate with each other","0","0","32","saved_models/ESNLIftComVEft100NLEs/9","He gave his dresses to wash in the laundry room","He gave his dresses to wash in the study room","No one is to wash our dresses in the study room, it used to study.","A study room is not a laundry room.","1","0","83","saved_models/ESNLIftComVEft25NLEs/17","I am saying hello","I am throwing hello","Saying hello is not the same as throwing hello","Hello is a word that you can express by speaking","1","1","59","saved_models/ESNLIftComVEft25NLEs/17","If he is retarded,  he will pass the examination","If he is brilliant,  he will pass the examination","If he is retarded, he is not brilliant.","Examination is conducted to screen retards","0","1","1","1","1","1","0","0","0","1","1","{}","yes","no","yes","yes","yes","yes","yes","yes","yes","yes","yes","yes","yes","yes","no","yes","yes","yes","yes","yes","4","1","4","4","4","4","4","4","4","4","4","4","4","4","1","4","4","4","4","4"
"3OKP4QVBP4AIL2Q7GBDS59JPJPRAGI","34LHDG0NEWQ51Y8H53CPF3UK0BVASW","Evaluating Explanations of Statements","Find the statement that does not make sense. Evaluate given textual explanations of this task.","commonsense, text-based, explanations","$1.00","Sun Dec 05 07:29:43 PST 2021","1","BatchId:4623803;OriginalHitTemplateId:928390828;","3600","259200","Sun Dec 12 07:29:43 PST 2021","","","36W0OB37HZR09PRK2BGAWMHN7C7ZHN","AI3DAI65C3XPQ","Submitted","Sun Dec 05 10:53:54 PST 2021","Sun Dec 05 11:34:47 PST 2021","Wed Dec 08 11:34:47 PST 2021","","","","2453","0% (0/0)","0% (0/0)","0% (0/0)","72","saved_models/T5_Large_ESNLIftComVEft50NLEs/35","People like to dress well","People like to dress nothing on the street","People don't dress well on the street","It is impolite to be bare in public","1","1","4","saved_models/T5_Large_ESNLIftComVEft50NLEs/35","The fire will burn you if you touch it.","The fire will cool you if you touch it.","Fire is hot and will burn you.","The fire will burn you if you touch it","1","0","59","saved_models/ESNLIftComVEft100NLEs/9","If he is retarded,  he will pass the examination","If he is brilliant,  he will pass the examination","If he is retarded, he is not brilliant.","Examination is conducted to screen retards","0","1","17","saved_models/ESNLIftComVEft100NLEs/9","He is wearing gloves on his feet.","He is wearing gloves on his hands.","Gloves are only designed to wear on hands.","He can't wear gloves on his feet","0","0","45","saved_models/ESNLIftComVEft100NLEs/9","All watermelons have water","All watermelons have seeds","Some watermelons are seedless","Watermelons do not have seeds","1","0","2","saved_models/ESNLIftComVEft100NLEs/9","She came off sailing across the pacific ocean","She came off walking across the pacific ocean","One cannot be sailing and walking at the same time.","It's impossible to walk on the water","1","1","15","saved_models/ESNLIftComVEft25NLEs/17","All that is born must eventually die.","I will never die.","Sentence 1 states that all that is born must die. Sentence 2 states that I will never die.","No human lives forever.","1","1","24","saved_models/ESNLIftComVEft25NLEs/17","The ice cream stays cold in the freeze","The ice cream stays cold in the microwave","Ice cream is not kept in the heat","The ice cream can't stay cold in the microwave.","1","0","6","saved_models/ESNLIftComVEft200NLEs/9","The bike overtake the car","The red car went by very fast","A bike cannot overtake a car.","The car is faster than the bike","0","1","3","saved_models/ESNLIftComVEft25NLEs/17","Leena daily eats two bananas which are good for health.","Leena eats almost 1000 bananas daily as his morning breakfast.","A person can eat a maximum of up to about 100 bananas.","Leena eats two bananas which are good for health","1","0","1","1","0","0","1","1","1","1","0","{}","no","yes","yes","yes","yes","no","no","yes","w_yes","w_yes","no","yes","w_yes","yes","no","yes","yes","yes","yes","yes","0","4","4","4","4","0","1","4","4","4","0","4","4","4","1","4","4","4","4","4"
"374UMBUHN72AJM9BKP8QANO29MKCTV","34LHDG0NEWQ51Y8H53CPF3UK0BVASW","Evaluating Explanations of Statements","Find the statement that does not make sense. Evaluate given textual explanations of this task.","commonsense, text-based, explanations","$1.00","Sun Dec 05 07:29:43 PST 2021","1","BatchId:4623803;OriginalHitTemplateId:928390828;","3600","259200","Sun Dec 12 07:29:43 PST 2021","","","3NGMS9VZTOVAQC9E69Y3Q9PSFREFFT","A1TW60NCALLP12","Submitted","Sun Dec 05 08:58:50 PST 2021","Sun Dec 05 09:54:39 PST 2021","Wed Dec 08 09:54:39 PST 2021","","","","3349","0% (0/0)","0% (0/0)","0% (0/0)","9","saved_models/ESNLIftComVE/23","I play catch with a baseball","I play catch with a boat","(I don't know if the boat is in the first sentence)","The boat is too large to throw","1","1","93","saved_models/ESNLIftComVEft200NLEs/9","Sally taught her students burglary","Sally taught her students english","burglary is not taught in english","Burglary is illegal","0","1","25","saved_models/ESNLIftComVE/23","The bear was found in the forest.","The whale was found in the forest","A bear and a whale are not the same thing.","Whales are aquatic and don't live in forests.","1","1","64","saved_models/ESNLIftComVE/23","You do not need eyes to read a book.","You must have eyes to read a book.","(Sentence 1 is a rephrasing of Sentence 1:","Without eyes,  you cannot see the words of a book and then read it.","0","1","84","saved_models/ESNLIftComVEft25NLEs/17","Planes float on water.","Boats float on water.","Planes don't float on water","Planes fly in the sky, and boats float on water","0","1","63","saved_models/ESNLIftComVEft200NLEs/9","Joe asked mary to have a date because he likes her","Joe asked mary to have a date because he dislikes her","Joe would not ask mary to have a date if he dislikes her.","People will only ask people they like out for a date","1","1","53","saved_models/T5_Large_ESNLIftComVEft50NLEs/35","He put ice in the freezer","He put a cat in the freezer","A cat would die in a freezer","Ice is not a cat.","1","0","0","saved_models/ESNLIftComVEft200NLEs/9","He inserts his thumb into the car ignition switch.","He inserts the keys into the car ignition switch.","The human thumb is larger than the hole of the car ignition switch.","A car ignition switch is not a car ignition switch.","0","0","14","saved_models/ESNLIftComVEft100NLEs/9","The boy ate a basketball","The boy ate a donut","A donut is not a basketball.","You cannot eat a basketball","0","1","66","saved_models/ESNLIftComVEft25NLEs/17","She was interviewed before she got the offer","She was interviewed after she got the offer","If she was interviewed before she got the offer, she would not be interviewed after she got it.","The interview comes earlier than the offer","1","1","1","0","1","0","0","1","1","0","0","{}","no","yes","yes","no","yes","yes","yes","yes","yes","yes","yes","yes","yes","yes","yes","yes","yes","no","yes","yes","2","4","4","0","4","4","4","4","4","4","4","4","4","4","4","4","4","0","4","4"
"306W7JMRY0B8BXPH3R1087MXDOZ8BV","34LHDG0NEWQ51Y8H53CPF3UK0BVASW","Evaluating Explanations of Statements","Find the statement that does not make sense. Evaluate given textual explanations of this task.","commonsense, text-based, explanations","$1.00","Sun Dec 05 07:29:43 PST 2021","1","BatchId:4623803;OriginalHitTemplateId:928390828;","3600","259200","Sun Dec 12 07:29:43 PST 2021","","","3HYA4D452UWQPIX2IEJW6QV36OXF2Z","A32Q6TNSAG4U3I","Submitted","Sun Dec 05 11:03:33 PST 2021","Sun Dec 05 11:47:50 PST 2021","Wed Dec 08 11:47:50 PST 2021","","","","2657","0% (0/0)","0% (0/0)","0% (0/0)","81","saved_models/ESNLIftComVEft25NLEs/17","The lotion is useful for moisturizing your skin","Lotion is useful for moisturizing your tea.","Lotion is a skin product, not a food additive.","Tea is not moisturizing skin","1","0","91","saved_models/ESNLIftComVE/23","He put on a shirt.","He put on a bike.","The bike is not cloth for people to put on","he put on a shirt and 1 explanation:","1","0","93","saved_models/ESNLIftComVE/23","Sally taught her students burglary","Sally taught her students english","if she taught her students burglary then she taught her students english","Burglary is illegal","0","1","63","saved_models/ESNLIftComVEft25NLEs/17","Joe asked mary to have a date because he likes her","Joe asked mary to have a date because he dislikes her","If he dislikes her, he would not ask her to have a date.","People will only ask people they like out for a date","1","1","55","saved_models/ESNLIftComVEft25NLEs/17","Ripping a paper in half creates two pieces.","Ripping a paper in half creates six pieces.","Two pieces is not the same as six pieces.","Half means two relatively equal parts.","1","1","89","saved_models/ESNLIftComVEft100NLEs/9","An anvil is floating in the pond.","A duck is floating in the pond.","An anvil is very heavy and sinks into the water.","An anvil is not used in a pond.","0","0","11","saved_models/T5_Large_ESNLIftComVEft50NLEs/35","The black owl is red","The black owl is large","If the owl is black then it cannot be read","The black owl cannot be red","0","0","57","saved_models/ESNLIftComVE/23","Billy kicked the ball into the goal","Billy kicked the frisbee into the goal","A frisbee is meant to be thrown rather than kicked","he can't kick a frisbee into the goal if he kicked a ball into the goal","1","0","74","saved_models/ESNLIftComVE/23","Winter comes in the same time each year","Winter comes in different time each year","Each year the climate changes and winter comes in different time","Winter comes in the same time each year Sentence 2 explanation:","0","0","0","saved_models/T5_Large_ESNLIftComVEft50NLEs/35","He inserts his thumb into the car ignition switch.","He inserts the keys into the car ignition switch.","The human thumb is larger than the hole of the car ignition switch.","thumb is not the same as keys","0","0","1","1","0","1","1","0","0","0","0","{}","yes","yes","no","yes","yes","yes","yes","yes","yes","yes","yes","yes","yes","yes","yes","yes","yes","yes","no","yes","4","4","0","4","4","4","4","4","4","4","4","4","4","4","4","4","4","4","1","4"
"3QX22DUVOQU250PR292JE1HZ0L3VMB","34LHDG0NEWQ51Y8H53CPF3UK0BVASW","Evaluating Explanations of Statements","Find the statement that does not make sense. Evaluate given textual explanations of this task.","commonsense, text-based, explanations","$1.00","Sun Dec 05 07:29:43 PST 2021","1","BatchId:4623803;OriginalHitTemplateId:928390828;","3600","259200","Sun Dec 12 07:29:43 PST 2021","","","34HJIJKLP89POTYFM77OHRVNEVJV4Z","A1TW60NCALLP12","Submitted","Sun Dec 05 08:52:43 PST 2021","Sun Dec 05 09:34:05 PST 2021","Wed Dec 08 09:34:05 PST 2021","","","","2482","0% (0/0)","0% (0/0)","0% (0/0)","52","saved_models/ESNLIftComVEft100NLEs/9","We drove our car for 40000 miles before having to stop for an oil refill","We drove our car for 40 miles before having to stop for an oil refill","No car in the world can have so long miles of autonomy","Cars can't be 40000 miles.","0","0","95","saved_models/ESNLIftComVEft100NLEs/9","I close my eyes to drive safely","I drive my car safely by following traffic rules","You cant be safe when you close your eyes while driving","A person can't close their eyes to drive.","0","0","81","saved_models/T5_Large_ESNLIftComVEft50NLEs/35","The lotion is useful for moisturizing your skin","Lotion is useful for moisturizing your tea.","Lotion is a skin product, not a food additive.","You can't moisturize your skin","1","0","52","saved_models/T5_Large_ESNLIftComVEft50NLEs/35","We drove our car for 40000 miles before having to stop for an oil refill","We drove our car for 40 miles before having to stop for an oil refill","No car in the world can have so long miles of autonomy","You can't drive a car for 40 miles","0","0","47","saved_models/ESNLIftComVEft25NLEs/17","He put the house into the fridge","He put the ice cream inside the fridge","The house is usually bigger than the fridge","The house is not inside the fridge.","0","0","5","saved_models/ESNLIftComVEft200NLEs/9","Salsa is for hair","Brushes are for hair","Salsa can't be used for hair","Salsa is a food item","0","1","97","saved_models/ESNLIftComVEft100NLEs/9","He dried himself with a train ticket","He dried himself with a towel","A towel is more absorbent than a train ticket","A train ticket is not used for drying.","0","0","49","saved_models/T5_Large_ESNLIftComVEft50NLEs/35","The cow had a significant amount of rust","The car had a significant amount of rust","Only certain metals can rust","A cow is not a car.","0","0","50","saved_models/ESNLIftComVEft25NLEs/17","The baby held the teddy bear","The baby held a grizzly bear","A grizzly bear is not a teddy bear.","A baby would be eaten by a grizzly bear","1","1","35","saved_models/ESNLIftComVEft200NLEs/9","The boy wore his new shoes on his feet.","The boy wore his new shoes on his back.","New shoes are not worn on the boy's back.","No one wears shoes on their backs.","1","1","0","0","1","0","0","0","0","0","1","{}","yes","yes","yes","yes","yes","yes","yes","yes","yes","yes","yes","yes","no","no","yes","yes","yes","yes","yes","yes","4","4","4","4","4","4","4","4","4","4","4","4","1","1","4","4","4","4","4","4"
"32FESTC2NJ3PJZO0KUY0FJA4S0RCUM","34LHDG0NEWQ51Y8H53CPF3UK0BVASW","Evaluating Explanations of Statements","Find the statement that does not make sense. Evaluate given textual explanations of this task.","commonsense, text-based, explanations","$1.00","Sun Dec 05 07:29:43 PST 2021","1","BatchId:4623803;OriginalHitTemplateId:928390828;","3600","259200","Sun Dec 12 07:29:43 PST 2021","","","3M68NM076KKBA9LCWBVTDSQYPH56RX","A1TW60NCALLP12","Submitted","Sun Dec 05 10:28:54 PST 2021","Sun Dec 05 11:07:20 PST 2021","Wed Dec 08 11:07:20 PST 2021","","","","2306","0% (0/0)","0% (0/0)","0% (0/0)","3","saved_models/ESNLIftComVEft100NLEs/9","Leena daily eats two bananas which are good for health.","Leena eats almost 1000 bananas daily as his morning breakfast.","A person can eat a maximum of up to about 100 bananas.","Leena does not eat bananas.","1","0","35","saved_models/T5_Large_ESNLIftComVEft50NLEs/35","The boy wore his new shoes on his feet.","The boy wore his new shoes on his back.","The shoes can't be worn on the feet","No one wears shoes on their backs.","1","1","33","saved_models/ESNLIftComVE/23","Children should be obedient to their parents.","Children should eat their parents.","obedient doesn't always mean eat their parents.","Eating another person is cannibalism.","1","1","93","saved_models/ESNLIftComVEft100NLEs/9","Sally taught her students burglary","Sally taught her students english","Sally would not teach her students burglary","Burglary is illegal","0","1","12","saved_models/ESNLIftComVE/23","A rainbow is a meteorological phenomenon","A rainbow can appear on the ground","It can be inferred that a rainbow is a meteorological phenomenon or that it can appear on the ground.","A rainbow occurs in the sky","1","1","22","saved_models/ESNLIftComVE/23","I just invest 1 million in mutual funds.","I just deposited ten tigers in the banks and will get doubled in six years.","Invest 1 million in mutual funds or 1 can be deposited ten tigers in the banks and will get doubled in six years.","We can deposit only money and gold in the bank.","1","1","84","saved_models/ESNLIftComVEft100NLEs/9","Planes float on water.","Boats float on water.","Planes don't float.","Planes fly in the sky, and boats float on water","0","1","89","saved_models/ESNLIftComVEft200NLEs/9","An anvil is floating in the pond.","A duck is floating in the pond.","An anvil is very heavy and sinks into the water.","An anvil cannot be floating in a pond.","0","0","58","saved_models/T5_Large_ESNLIftComVEft50NLEs/35","A hole will make a boat float","A hole will make a boat sink","A hole will make water fill in the boat and make the boat sink","A boat can't float","0","0","84","saved_models/T5_Large_ESNLIftComVEft50NLEs/35","Planes float on water.","Boats float on water.","Planes can't float on water","Planes fly in the sky, and boats float on water","0","1","1","1","1","0","1","1","0","0","0","{}","no","no","yes","yes","no","no","yes","yes","yes","yes","no","yes","yes","yes","yes","yes","yes","yes","no","yes","1","1","4","4","1","0","4","4","4","4","1","4","4","4","4","4","4","4","1","4"
"3CKVGCS3PIIPAU1GJ9AG5HQFYE90S1","34LHDG0NEWQ51Y8H53CPF3UK0BVASW","Evaluating Explanations of Statements","Find the statement that does not make sense. Evaluate given textual explanations of this task.","commonsense, text-based, explanations","$1.00","Sun Dec 05 07:29:43 PST 2021","1","BatchId:4623803;OriginalHitTemplateId:928390828;","3600","259200","Sun Dec 12 07:29:43 PST 2021","","","35DR22AR5GXWAMK6M83NV702G6VX3J","A2WQOPD3IYLITQ","Submitted","Sun Dec 05 09:20:30 PST 2021","Sun Dec 05 09:35:39 PST 2021","Wed Dec 08 09:35:39 PST 2021","","","","909","0% (0/0)","0% (0/0)","0% (0/0)","29","saved_models/ESNLIftComVEft25NLEs/17","Cnn is for sports","Cnn covers the news","Cnn covers the news and espn covers sports.","Covers the news is not the same as covering sports","0","0","4","saved_models/ESNLIftComVEft200NLEs/9","The fire will burn you if you touch it.","The fire will cool you if you touch it.","Fire is hot and will burn you.","The fire will burn you if you touch it.","1","0","20","saved_models/ESNLIftComVEft200NLEs/9","The lizard climbed a rock.","The lizard climbed the ocean.","The lizard cannot climb a rock and the ocean at the same time.","The lizards live on the land.","1","1","10","saved_models/T5_Large_ESNLIftComVEft50NLEs/35","I wear my gloves on my hands.","I wear my gloves on my feet.","Gloves are not designed for feet.","You can't wear gloves on your feet","1","0","14","saved_models/ESNLIftComVEft25NLEs/17","The boy ate a basketball","The boy ate a donut","A basketball is not a donut.","You cannot eat a basketball","0","1","47","saved_models/T5_Large_ESNLIftComVEft50NLEs/35","He put the house into the fridge","He put the ice cream inside the fridge","The house is usually bigger than the fridge","House is too big to fit into a fridge","0","0","38","saved_models/ESNLIftComVEft200NLEs/9","Some people like to put a scarf around their necks.","Some people like to put a scarf around their ears.","People do not wear a scarf around their ears.","You can't put a scarf around an ear.","1","1","91","saved_models/ESNLIftComVEft100NLEs/9","He put on a shirt.","He put on a bike.","The bike is not cloth for people to put on","A bike is not a shirt.","1","0","31","saved_models/ESNLIftComVEft200NLEs/9","They write their exam by a water bottle.","They write their exam by pen","No one uses the water bottle to write the exams at the exam hall","Water bottles can't hold an exam","0","0","20","saved_models/ESNLIftComVEft100NLEs/9","The lizard climbed a rock.","The lizard climbed the ocean.","The ocean is not a rock.","The lizards live on the land.","1","1","0","1","1","1","0","0","1","1","0","{}","yes","yes","no","yes","w_yes","w_yes","yes","yes","yes","w_yes","w_no","yes","yes","yes","yes","yes","w_yes","w_yes","w_yes","yes","4","4","1","4","1","4","4","4","4","1","1","4","4","4","4","4","4","1","1","4"
"38F60IALAIUQPUEV89F6FMM10XN0TQ","34LHDG0NEWQ51Y8H53CPF3UK0BVASW","Evaluating Explanations of Statements","Find the statement that does not make sense. Evaluate given textual explanations of this task.","commonsense, text-based, explanations","$1.00","Sun Dec 05 07:29:43 PST 2021","1","BatchId:4623803;OriginalHitTemplateId:928390828;","3600","259200","Sun Dec 12 07:29:43 PST 2021","","","34S9DKFK762SEV3Q9N94NZ5HNU8NYP","AQNCH42WD4ITI","Submitted","Sun Dec 05 10:19:28 PST 2021","Sun Dec 05 10:27:53 PST 2021","Wed Dec 08 10:27:53 PST 2021","","","","505","100% (3/3)","100% (1/1)","100% (1/1)","20","saved_models/T5_Large_ESNLIftComVEft50NLEs/35","The lizard climbed a rock.","The lizard climbed the ocean.","A rock is not an ocean.","The lizards live on the land.","1","1","30","saved_models/ESNLIftComVEft100NLEs/9","Alcoholic drinks are served in bowls.","Alcoholic drinks are often served at parties","Drinks can't be served in bowls.","Alcoholic drinks are served in red cups","0","1","27","saved_models/ESNLIftComVEft200NLEs/9","The cheetah washed up on the beach","The whale washed up on the beach","A cheetah is not a whale.","Cheetahs do not live in the ocean","0","1","26","saved_models/ESNLIftComVEft25NLEs/17","Kim is taking out the garbage.","Kim is dating the garbage.","Taking out the garbage is not the same as dating the garbage.","People don't have relationships with garbage.","1","1","2","saved_models/ESNLIftComVEft200NLEs/9","She came off sailing across the pacific ocean","She came off walking across the pacific ocean","One cannot be sailing and walking at the same time.","It's impossible to walk on the water","1","1","36","saved_models/T5_Large_ESNLIftComVEft50NLEs/35","He drinks white glue in breakfast","He drinks milk in breakfast","Nobody eats glue","White glue is not a breakfast food","0","0","57","saved_models/ESNLIftComVEft25NLEs/17","Billy kicked the ball into the goal","Billy kicked the frisbee into the goal","A frisbee is meant to be thrown rather than kicked","A frisbee is not a ball.","1","0","66","saved_models/ESNLIftComVEft100NLEs/9","She was interviewed before she got the offer","She was interviewed after she got the offer","She can't be interviewed before she got the offer","The interview comes earlier than the offer","1","1","36","saved_models/ESNLIftComVE/23","He drinks white glue in breakfast","He drinks milk in breakfast","Nobody eats glue","he cant drink white glue and drink white glue at the same time","0","0","8","saved_models/ESNLIftComVEft100NLEs/9","An x-ray can be used to check the condition of a person's bones.","An x-ray can be used to see people without clothes.","An x-ray can't be used to see people without clothes.","X-rays use a special infrared light to scan bones.","1","1","1","0","0","1","1","0","1","1","0","{}","w_no","w_no","w_no","w_no","no","w_yes","yes","w_no","w_yes","w_yes","w_yes","no","yes","w_yes","w_yes","w_yes","w_yes","yes","no","yes","1|3","1","2|3","1|3","2","1","4","1|3","1","3","1","2","4","1","1","1","1|3","4","2","4"
"341YLJU21KC7CQ1YTKKGK3D7MERI2B","34LHDG0NEWQ51Y8H53CPF3UK0BVASW","Evaluating Explanations of Statements","Find the statement that does not make sense. Evaluate given textual explanations of this task.","commonsense, text-based, explanations","$1.00","Sun Dec 05 07:29:43 PST 2021","1","BatchId:4623803;OriginalHitTemplateId:928390828;","3600","259200","Sun Dec 12 07:29:43 PST 2021","","","3TPZPLC3M3PR1DIF0HT61UEZE8PP3S","AXLMOFXKXSU0B","Submitted","Sun Dec 05 11:42:58 PST 2021","Sun Dec 05 12:25:26 PST 2021","Wed Dec 08 12:25:26 PST 2021","","","","2548","100% (1/1)","100% (1/1)","100% (1/1)","18","saved_models/ESNLIftComVEft100NLEs/9","Horse uses its trunk to drink water","Elephant uses its trunk to drink water","Horse drinks water with its mouth as don't have trunk","A horse is not an elephant.","0","0","65","saved_models/T5_Large_ESNLIftComVEft50NLEs/35","Many people drink milk to get nutrients from it.","No one drinks milk because you cannot absorb nutrients from it.","People drink milk to get nutrients from it","Milk is a common beverage that people drink in order to get calcium and protein.","1","1","59","saved_models/ESNLIftComVE/23","If he is retarded,  he will pass the examination","If he is brilliant,  he will pass the examination","he can't be brilliant if he is retarded","Examination is conducted to screen retards","0","1","43","saved_models/T5_Large_ESNLIftComVEft50NLEs/35","The dog growled, then taught the boy","The dog growled, then charged the boy","The dog doesn't have the ability to teach people","The dog can't teach the boy","0","0","68","saved_models/ESNLIftComVEft25NLEs/17","You are likely to find a crocodile in the wild.","You are likely to find chocolate in the wild.","Chocolate is not a crocodile.","Chocolate is a kind of food made by a human so it doesn't exist in the wild","1","1","69","saved_models/ESNLIftComVEft100NLEs/9","He put a horse in the cage","He put a bird in the cage","A bird is not a horse.","A horse is much bigger than a cage","0","1","38","saved_models/ESNLIftComVEft100NLEs/9","Some people like to put a scarf around their necks.","Some people like to put a scarf around their ears.","People do not wear a scarf around their ears","You can't put a scarf around an ear.","1","1","18","saved_models/ESNLIftComVE/23","Horse uses its trunk to drink water","Elephant uses its trunk to drink water","Horse drinks water with its mouth as don't have trunk","It can't be both a horse and an elephant at the same time.","0","0","96","saved_models/ESNLIftComVEft100NLEs/9","She put a soup on the plate.","She put a stove on the plate.","Soup is not cooked on a stove.","A stove is much larger than a plate.","1","1","96","saved_models/T5_Large_ESNLIftComVEft50NLEs/35","She put a soup on the plate.","She put a stove on the plate.","You can't put a stove on a plate","A stove is much larger than a plate.","1","1","0","1","0","0","1","0","1","0","1","{}","yes","w_yes","w_no","yes","no","no","yes","yes","no","w_yes","no","yes","yes","w_yes","yes","yes","w_yes","no","yes","yes","4","1","1|2","4","0|2","0|2","4","4","2","1","0|1","4","4","1|3","4","4","1","0|2","4","4"
"3CVDZS288JDD93312UXFWFEDCRGFM8","34LHDG0NEWQ51Y8H53CPF3UK0BVASW","Evaluating Explanations of Statements","Find the statement that does not make sense. Evaluate given textual explanations of this task.","commonsense, text-based, explanations","$1.00","Sun Dec 05 07:29:43 PST 2021","1","BatchId:4623803;OriginalHitTemplateId:928390828;","3600","259200","Sun Dec 12 07:29:43 PST 2021","","","3E7TUJ2EGFZ4RI45CH3LSD0W0GTD9E","A1IV5NSHQTG8FF","Submitted","Sun Dec 05 09:37:23 PST 2021","Sun Dec 05 10:10:19 PST 2021","Wed Dec 08 10:10:19 PST 2021","","","","1976","0% (0/0)","0% (0/0)","0% (0/0)","39","saved_models/ESNLIftComVEft25NLEs/17","My mother switch on the television to watch movie","My mother switch on the radio to watch movie","A radio is not a television.","A radio has no screen to display a movie","1","1","67","saved_models/ESNLIftComVEft25NLEs/17","Plants don't need the sunlight to grow.","Plants need sunlight to grow.","Plants don't need sunlight to grow","Plants need to undergo photosynthesis with sunlight to produce energy to grow.","0","1","70","saved_models/T5_Large_ESNLIftComVEft50NLEs/35","When you close a door,  it can be walked through.","When you open a door,  it usually has hinges to keep it from falling off.","A closed-door physically prevents entry or passage.","When you open a door, it can't be walked through","0","0","11","saved_models/ESNLIftComVEft200NLEs/9","The black owl is red","The black owl is large","If the owl is black then it cannot be read","Black owls are not large.","0","0","3","saved_models/T5_Large_ESNLIftComVEft50NLEs/35","Leena daily eats two bananas which are good for health.","Leena eats almost 1000 bananas daily as his morning breakfast.","A person can eat a maximum of up to about 100 bananas.","Bananas are not good for health","1","0","16","saved_models/ESNLIftComVEft200NLEs/9","We don't communicate with each other at all","We communicate with each other by words and gestures","Communication s a vital aspect of life on earth","We can't communicate with each other if we don't communicate with each other.","0","0","43","saved_models/ESNLIftComVE/23","The dog growled, then taught the boy","The dog growled, then charged the boy","The dog doesn't have the ability to teach people","(Not all the dog growled, then charged the boy)","0","0","57","saved_models/T5_Large_ESNLIftComVEft50NLEs/35","Billy kicked the ball into the goal","Billy kicked the frisbee into the goal","A frisbee is meant to be thrown rather than kicked","Kicking a ball into the goal is not the same as kicking a frisbee into the goal","1","0","10","saved_models/ESNLIftComVEft25NLEs/17","I wear my gloves on my hands.","I wear my gloves on my feet.","Gloves are not designed for feet.","Hands are not feet.","1","0","76","saved_models/ESNLIftComVEft200NLEs/9","""when she said """"go to the store"" she meant the plane had arrived.""","When he said go down the stairs"" he meant the stairs on the right.""","Going to the store has no relation to the arrival of a plane.","You can't go to the store and go down the stairs at the same time.","0","0","0","0","0","0","1","0","0","1","1","I'd like to make my HITs easier for future workers, so I really appreciate feedback!","yes","no","yes","yes","yes","yes","yes","yes","yes","no","yes","yes","no","no","no","no","no","yes","no","no","4","1","4","4","4","4","4","4","4","0","4","4","0","3","1","0","1","4","1","0"